PPG,,Temprature,Accelerometer,,,GSR,Timestrap
IR,RED,,X,Y,Z,,
-479.69,-6459.06,33.16,1.02,0.04,-0.23,2,994335
-589.69,-1322.06,33.07,1.02,0.04,-0.23,0,994403
-442.19,-925,33.12,1.02,0.04,-0.24,7,994469
-581.06,13803.25,33.07,1.02,0.05,-0.23,2,994537
-428,5412.12,33.07,1.02,0.04,-0.23,2,994604
-568.63,-9639.5,33.21,1.02,0.04,-0.24,2,994671
-362.19,-1414.5,33.02,1.03,0.04,-0.23,1,994739
-390.06,-8936.81,33.12,1.03,0.03,-0.23,2,994806
-170.56,-10243.97,33.12,1,0.04,-0.24,3,994876
-509.06,-7987.78,33.02,1.03,0.04,-0.22,3,994944
-402.63,-9330.37,33.12,1.02,0.04,-0.23,1,995011
-479.5,127.12,33.12,1.02,0.04,-0.23,0,995077
-409.5,352.78,33.12,1.02,0.04,-0.23,1,995142
-382,112.12,33.07,1.02,0.04,-0.23,4,995208
-350.94,11372.53,33.16,1.02,0.03,-0.23,6,995275
-402.38,6921.91,33.16,1.04,0.04,-0.23,4,995342
-288.25,6574.84,33.07,1.01,0.04,-0.24,2,995408
-265.81,10241.06,33.21,1.03,0.03,-0.23,3,995476
-130.56,-6569,33.12,1.02,0.04,-0.24,15,995545
-339,-10321.53,33.21,1.01,0.04,-0.23,3,995613
-227.06,-479.47,33.07,1.03,0.04,-0.22,11,995681
-279.75,-800.47,33.21,1.02,0.03,-0.23,1,995747
-132.75,-421.47,33.07,1.02,0.04,-0.24,3,995814
-203.13,-760.38,33.12,1.02,0.04,-0.23,2,995880
-548.94,-13.38,33.16,1.03,0.03,-0.23,1,995946
-645.5,-1064.69,33.16,1.02,0.04,-0.23,0,996014
-238.19,228.53,33.16,1.01,0.04,-0.23,0,996079
-260.31,14606.09,33.02,1.03,0.04,-0.24,2,996147
-85.31,-6441.19,33.12,1.02,0.03,-0.23,2,996213
-216,-1212.13,33.07,1.02,0.04,-0.24,4,996281
-238.25,-38.5,33.12,1.02,0.04,-0.23,1,996346
-133.31,14121.37,33.07,1.02,0.03,-0.23,0,996414
90.37,5694.31,33.07,1.03,0.03,-0.23,2,996478
39.81,-9306.44,33.16,1.02,0.05,-0.24,2,996544
185.81,-10509.06,33.12,1.01,0.03,-0.23,1,996612
68.56,-8062.62,33.12,1.03,0.03,-0.23,3,996677
249.13,-5063.47,33.12,1.02,0.04,-0.23,0,996744
212.69,-7371.31,33.16,1.02,0.04,-0.23,0,996810
349.06,519.25,33.12,1.02,0.04,-0.23,0,996875
257.56,184.28,33.07,1.02,0.03,-0.22,2,996939
190.69,1313.09,33.07,1.01,0.05,-0.23,1,997005
146.19,11791.44,33.02,1.02,0.03,-0.23,0,997071
403.88,-5495.16,33.07,1.02,0.04,-0.23,3,997138
249.69,-114.37,33.12,1.03,0.04,-0.23,1,997203
309.19,217.34,33.07,1.02,0.04,-0.24,4,997268
153.75,-181.53,33.16,1.02,0.03,-0.23,2,997334
163.06,986.53,33.02,1.02,0.03,-0.23,3,997398
29.87,11482.22,33.12,1.03,0.04,-0.23,2,997464
111.37,-6236.91,33.16,1.02,0.04,-0.24,1,997530
-135.19,-739.06,33.21,1.02,0.04,-0.24,1,997597
-289.44,9296.91,33.07,1.02,0.04,-0.24,0,997663
-420.94,6273.06,33.12,1.03,0.03,-0.22,2,997730
-222.88,-10423.62,33.12,1.01,0.04,-0.25,3,997798
-287.75,-1018.38,33.12,1.03,0.04,-0.24,1,997866
-178.38,-665.5,33.12,1.01,0.03,-0.23,2,997933
-243.44,10640.75,33.07,1.03,0.04,-0.22,2,998000
-104.31,-1143.25,33.16,1.02,0.04,-0.24,3,998068
-286.06,13094.87,33.12,1.02,0.04,-0.23,2,998135
-8.75,5435.12,33.16,1.03,0.03,-0.23,3,998200
-26.31,-9675.62,33.16,1.02,0.04,-0.23,1,998266
-43,-1432.81,33.12,1.02,0.05,-0.23,5,998333
-81.87,5716.81,33.16,1.03,0.02,-0.22,3,998398
130.25,-10953,33.16,1.02,0.04,-0.23,2,998466
77.75,-1282.38,33.07,1.04,0.03,-0.23,2,998532
154.81,6044.75,33.12,1.02,0.04,-0.23,3,998597
-182.94,-9368.5,33.07,1.02,0.03,-0.23,1,998665
105.25,-743.06,33.07,1.02,0.05,-0.23,3,998730
107,-1031.94,33.07,1.03,0.03,-0.23,2,998797
298.63,333.69,33.12,1.03,0.03,-0.23,3,998861
-4.31,-1111,33.16,1.02,0.03,-0.23,1,998927
-108.06,66.56,33.07,1.02,0.03,-0.24,3,998991
-194.69,6335.25,33.07,1.02,0.03,-0.24,2,999058
4.06,6016.5,33.12,1.02,0.03,-0.23,0,999121
-63.13,9855.62,33.12,1.03,0.03,-0.22,0,999187
28,-6954.12,33.21,1.02,0.03,-0.22,3,999252
50.63,-1730.44,33.07,1.02,0.03,-0.22,3,999318
211.06,-416.94,33.16,1.02,0.04,-0.23,3,999384
229.5,5678.94,33.21,1.03,0.02,-0.24,1,999449
263.06,-10987.06,33.16,1.03,0.03,-0.23,4,999517
-254.13,-10438.62,33.07,1.02,0.02,-0.21,1,999585
-163.38,-676.75,33.16,1.02,0.03,-0.22,2,999652
-227.25,6502.12,33.12,1.02,0.03,-0.23,2,999718
-9.88,6174,33.12,1.02,0.03,-0.23,3,999783
-33.38,-10515.69,33.21,1.03,0.02,-0.23,0,999851
146.31,-563.94,33.12,1.02,0.03,-0.23,1,999916
45,6421.25,33.12,1.02,0.03,-0.22,2,999981
169.75,-10284.78,33.12,1.03,0.03,-0.23,3,1000048
84.25,-645.53,33.16,1.02,0.04,-0.23,5,1000114
206,9401.75,33.12,1.03,0.03,-0.23,2,1000180
88.75,-1123.31,33.16,1.03,0.03,-0.23,2,1000247
95.31,234.81,33.07,1.02,0.03,-0.23,2,1000311
-101.5,10559.06,33.07,1.02,0.04,-0.23,3,1000380
147.63,-1178.88,33.12,1.03,0.03,-0.23,2,1000448
58.19,-1362.94,33.21,1.02,0.04,-0.24,9,1000514
158.31,5818.19,33.16,1.01,0.03,-0.24,2,1000581
99.37,10018.31,33.12,1.02,0.04,-0.22,2,1000647
239.44,5026.37,33.12,1.03,0.02,-0.22,1,1000714
121.44,-10314.94,33.02,1.01,0.03,-0.24,0,1000782
229.38,-1527.19,33.07,1.02,0.04,-0.23,5,1000851
160.94,12693.19,33.16,1.02,0.03,-0.23,2,1000919
184.88,7703.5,33.16,1.02,0.03,-0.23,2,1000985
39.63,-10688.69,32.98,1.03,0.03,-0.23,3,1001053
108.62,-1923.25,33.16,1.01,0.03,-0.22,2,1001120
280.19,-1999.06,33.07,1.02,0.04,-0.23,1,1001188
402.19,8442.87,33.07,1.02,0.02,-0.23,1,1001254
253.06,9198.75,33.12,1.02,0.03,-0.23,5,1001321
454.44,-12186.19,33.12,1.02,0.03,-0.22,0,1001390
437.69,-2027.88,33.12,1.02,0.02,-0.23,3,1001457
568.81,-1566.5,33.07,1.02,0.03,-0.23,2,1001525
478.38,-1803.19,33.07,1.03,0.02,-0.23,3,1001593
327.44,10192,33.16,1.03,0.03,-0.22,1,1001661
128.13,8732.37,33.16,1.03,0.02,-0.23,1,1001728
143.69,-11700.25,33.16,1.02,0.03,-0.23,1,1001796
121.5,-2185.19,33.12,1.02,0.03,-0.23,2,1001864
263.44,-11560.94,33.12,1.02,0.03,-0.23,2,1001932
178.25,-1480.88,33.16,1.02,0.03,-0.23,2,1002000
307.38,-1036.88,33.21,1.03,0.03,-0.22,5,1002067
213,-1324,33.16,1.02,0.03,-0.24,2,1002135
404.31,-909.81,33.16,1.03,0.03,-0.23,3,1002202
168.13,-572.31,33.12,1.02,0.03,-0.22,2,1002269
37.69,15245.25,33.12,1.03,0.03,-0.23,5,1002336
9.81,4905,33.16,1.01,0.03,-0.23,3,1002400
145.31,-8789.25,33.12,1.03,0.03,-0.23,3,1002468
-35.94,10031.25,33.12,1.03,0.03,-0.24,2,1002535
15.88,-8405.31,33.12,1.02,0.03,-0.24,3,1002602
-59.94,-10423.06,33.16,1.02,0.03,-0.23,2,1002671
2.06,-10843.87,33.12,1.03,0.02,-0.22,0,1002737
-98.06,-10300.72,33.07,1.01,0.03,-0.23,3,1002806
-23.12,-137.69,33.07,1.03,0.03,-0.23,3,1002872
-266,-533.78,33.12,1.02,0.02,-0.23,3,1002940
-338.69,-240.09,33.21,1.03,0.03,-0.22,1,1003008
-428.75,-611.09,33.12,1.02,0.03,-0.23,0,1003075
-278.31,-247.53,33.12,1.02,0.03,-0.24,3,1003143
-333.38,-583.16,33.07,1.03,0.03,-0.23,3,1003210
-236.75,-201,33.16,1.01,0.03,-0.24,3,1003278
-282.88,658.03,33.07,1.02,0.03,-0.23,2,1003344
-109.75,6693.16,33.02,1.03,0.03,-0.23,1,1003412
-29.25,-6630.53,33.12,1.02,0.03,-0.22,3,1003480
-7.81,-161,33.21,1.02,0.03,-0.22,1,1003545
-182.38,-492.94,33.12,1.01,0.03,-0.22,7,1003613
-68.31,-61.28,33.12,1.02,0.03,-0.23,2,1003678
-35.88,9729.75,33.16,1.02,0.03,-0.23,2,1003745
252.94,14415.25,33.12,1.02,0.03,-0.22,2,1003813
304.25,5518.5,33.12,1.02,0.03,-0.23,0,1003880
322.06,5243.62,33.02,1.02,0.04,-0.22,1,1003947
320.94,-7048.56,33.16,1.02,0.03,-0.23,5,1004014
421.94,-9167.19,33.16,1.02,0.03,-0.24,2,1004082
298.81,-10592.81,33.12,1.02,0.03,-0.23,7,1004150
396.88,-10063.16,33.21,1.02,0.04,-0.23,2,1004219
188.06,-80,33.16,1.03,0.03,-0.23,4,1004284
151.63,283,33.12,1.02,0.03,-0.22,1,1004350
137.06,6.84,33.07,1.03,0.03,-0.23,1,1004413
295.19,329.5,33.02,1.02,0.03,-0.22,3,1004479
256.44,791.03,33.16,1.03,0.03,-0.22,1,1004545
402.63,16073.47,33.12,1.01,0.02,-0.24,1,1004612
317.5,-5645.19,33.02,1.02,0.04,-0.23,0,1004680
477.63,-7960.94,33.12,1.01,0.02,-0.22,2,1004747
412.75,-8.88,33.21,1.02,0.03,-0.22,2,1004812
618.06,397.56,33.12,1.03,0.02,-0.22,3,1004877
596.19,772.69,33.07,1.02,0.03,-0.23,1,1004943
560.38,6576,33.12,1.03,0.02,-0.23,2,1005009
366.38,-4613.75,33.12,1.02,0.02,-0.22,1,1005077
524.06,-6634.06,33.21,1.03,0.02,-0.23,1,1005145
498.81,-8953.37,33.12,1.03,0.03,-0.23,2,1005213
679.88,-5154.69,33.12,1.01,0.04,-0.24,3,1005281
568.88,13205.03,33.21,1.02,0.04,-0.22,2,1005348
712.44,893.78,33.12,1.03,0.02,-0.22,2,1005414
672.81,696.09,33.16,1.03,0.04,-0.24,2,1005479
788.19,-9608.72,33.21,1.03,0.03,-0.22,1,1005547
695.81,1050.72,33.12,1.01,0.03,-0.23,1,1005614
879,10168.19,33.12,1.04,0.02,-0.23,3,1005681
613.06,6694.78,33.12,1.02,0.06,-0.23,0,1005748
613.38,6359,33.12,1.03,0.01,-0.22,3,1005814
556.75,11628.12,33.07,1.01,0.04,-0.24,2,1005882
685.88,-282.31,33.12,1.03,0.04,-0.22,3,1005948
520.63,14654.81,33.07,1.01,0.04,-0.25,3,1006016
589.56,-5864.94,33.07,1.02,0.04,-0.23,1,1006085
471.06,-11347.69,33.07,1.01,0.05,-0.22,2,1006153
602.56,-171.31,33.12,1.02,0.03,-0.24,0,1006220
463.38,-545.75,33.07,1.02,0.03,-0.23,2,1006286
676.25,-55.44,33.12,1.01,0.04,-0.24,4,1006352
355.44,-570.69,32.98,1.02,0.04,-0.24,0,1006418
362.63,-216.19,33.07,1.03,0.03,-0.22,1,1006485
291.5,7894.62,33.12,1.02,0.01,-0.22,1,1006552
325.94,-9465.06,33.12,1.01,0.03,-0.24,0,1006619
256.63,-10625.81,33.12,1.03,0.03,-0.22,0,1006688
394.81,454.5,33.07,1.04,0.01,-0.23,1,1006753
422.06,255.75,33.16,1,0.04,-0.23,0,1006819
444,462,33.12,1.02,0.05,-0.23,2,1006884
430.75,11108.87,33.16,1.02,0.03,-0.22,2,1006952
389.25,6264.37,33.07,1.03,0.03,-0.23,0,1007019
146.75,11644.19,33.07,1.02,0.03,-0.23,2,1007086
180.44,-7666,33.07,1.02,0.03,-0.22,1,1007154
109.44,-10243.69,33.16,1.02,0.04,-0.23,2,1007223
223.94,-6237.5,33.12,1.03,0.04,-0.23,0,1007291
169.75,-10397.62,33.12,1.03,0.03,-0.22,0,1007360
367.25,864.25,33.07,1.02,0.04,-0.22,0,1007425
274.88,13791,33.12,1.03,0.03,-0.23,3,1007493
400.13,5776.5,33.02,1,0.04,-0.23,0,1007559
284.13,-9189.37,33.02,1.02,0.04,-0.24,7,1007627
481.94,428.13,33.12,1.01,0.05,-0.24,3,1007692
152.81,-62.25,33.02,1.02,0.04,-0.23,2,1007758
237.19,294.81,33.02,1.02,0.04,-0.23,1,1007823
158.31,-30.94,33.12,1.02,0.04,-0.23,1,1007889
280.44,5914.62,33.07,1.02,0.05,-0.24,2,1007955
191.38,-10766.12,33.16,1.01,0.03,-0.24,1,1008024
283.81,582.19,33.07,1.02,0.04,-0.24,5,1008090
227.63,268.06,33.12,1.01,0.04,-0.23,3,1008155
393.25,652.69,33.16,1.03,0.04,-0.23,0,1008221
290.63,276.06,33.12,1.02,0.03,-0.24,3,1008286
422.06,685.25,33.07,1.03,0.04,-0.23,2,1008352
180.94,262,33.02,1.02,0.04,-0.22,2,1008417
269.94,620.88,33.12,1.02,0.04,-0.24,2,1008483
146.44,9557.87,33.07,1.03,0.04,-0.22,1,1008549
259.13,5511.94,33.07,1.01,0.05,-0.23,1,1008616
142.13,-5138.69,33.12,1.02,0.05,-0.22,0,1008685
295.06,-7669.75,33.07,1.03,0.04,-0.24,13,1008753
133.31,47.75,33.16,1.01,0.05,-0.23,1,1008818
249.63,16812.38,33.02,1.03,0.03,-0.22,2,1008885
201.13,-4611.25,33.02,1.02,0.03,-0.23,0,1008953
379.06,-51.63,33.12,1,0.08,-0.23,2,1009018
115.12,-474.13,32.98,1.04,0.02,-0.23,0,1009085
218.38,-42.38,33.21,1.02,0.04,-0.23,2,1009150
198.44,11870.75,33.07,1.03,0.06,-0.23,1,1009218
350.56,-7237.81,33.07,1,0.03,-0.24,1,1009286
122,-618.94,33.07,1.03,0.06,-0.22,1,1009352
206.88,757.06,33.21,1.02,0.03,-0.22,0,1009418
130.56,11390.19,33.07,1.01,0.04,-0.23,1,1009485
198.06,-909.31,33.16,1.03,-0.01,-0.18,1,1009553
86.12,-1223.88,33.16,1.03,0.04,-0.25,0,1009619
220.81,8126.31,33.16,1.03,0.04,-0.25,0,1009686
-30.19,10159,33.12,1.02,0.02,-0.21,2,1009754
78.31,-6792.94,33.12,1.03,0.03,-0.23,0,1009820
46.38,9899.69,33.02,1.04,0.03,-0.22,0,1009886
89.06,-1888.25,33.07,1.01,0.04,-0.23,1,1009952
-43.38,-2176.87,33.12,1.02,0.03,-0.22,0,1010021
63.75,-1697,33.12,1.03,0.04,-0.25,0,1010087
-59.44,4658.81,33.07,1.03,0.04,-0.23,1,1010154
25.56,10143.87,33.12,1.01,0.04,-0.23,7,1010221
-267.75,-2970.31,33.12,1.02,0.03,-0.22,1,1010289
-282.31,-2463.81,33.12,1.02,0.04,-0.23,1,1010358
-397.19,-2736.56,33.07,1.01,0.04,-0.23,1,1010426
-217.38,-1993.75,33.07,1.04,0.01,-0.25,2,1010495
-215.5,8663.94,33.21,1.01,0.07,-0.23,5,1010563
-103.69,9097.75,33.12,1.04,0.01,-0.22,1,1010630
-72.5,-8750.19,33.02,1.02,0.05,-0.22,2,1010698
256.13,-13258.62,33.12,1.02,0.05,-0.24,0,1010766
57.31,-1923.75,33.12,1.03,0.04,-0.23,1,1010834
135.44,-1466.56,33.12,1.03,0.05,-0.23,1,1010902
-171.38,-1028.19,33.12,1.02,0.03,-0.22,1,1010970
-164.75,9602.19,33.07,1,0.05,-0.26,0,1011038
-221.56,-12854.87,33.12,1.03,0.04,-0.24,1,1011107
-59.44,-12211.19,33.12,1.05,0.06,-0.24,1,1011176
-227.5,-1078.63,33.02,1.09,-0.04,-0.19,1,1011246
-196.13,-781.69,33.07,1.01,0.1,-0.28,2,1011313
-244.31,10092.44,33.16,1,0.04,-0.21,1,1011382
-189.13,15207.81,33.07,1.05,0.04,-0.24,0,1011451
-355.63,-2026.63,33.12,1.02,0.03,-0.22,0,1011520
-524.88,-2201.25,33.16,1.03,0.04,-0.23,0,1011589
-579.63,-2411.19,33.07,1.02,0.03,-0.25,0,1011657
-499.63,-2017.63,33.12,1.02,0.04,-0.23,1,1011726
-598.63,-2166.75,33.21,1.02,0.04,-0.24,0,1011794
-480.75,-742.44,33.02,1.02,0.04,-0.24,3,1011862
-625.69,-2207.31,33.12,1.03,0.04,-0.23,2,1011931
-435.38,7338.06,33.07,1.02,0.03,-0.24,1,1011998
-528.63,3935.19,33.16,1.01,0.05,-0.23,0,1012067
-436.19,7593.37,33.16,1.03,0.05,-0.23,1,1012134
-497.38,3356.75,33.16,1.03,0.03,-0.23,0,1012202
-298.5,-1994.13,33.07,1.02,0.03,-0.24,0,1012271
-363.63,-2988.37,33.12,1.02,0.05,-0.24,11,1012340
4.56,-2078,33.16,1.03,0.04,-0.23,2,1012406
-248.63,-2625.06,33.07,1.02,0.03,-0.23,0,1012474
6.81,-1975.81,33.12,1.01,0.05,-0.25,2,1012540
-60.56,-2231.06,33.12,1.02,0.05,-0.24,4,1012608
-40.5,-1879.5,33.21,1.01,0.04,-0.24,0,1012675
-336.5,-12405.5,33.02,1.02,0.04,-0.23,1,1012745
-247.69,-10897.25,33.16,1.02,0.04,-0.24,2,1012815
-274.31,-7357.37,33.12,1.02,0.05,-0.23,0,1012884
-5.56,11282.5,33.07,1.03,0.04,-0.25,1,1012951
-64.31,-7258.62,33.12,1.02,0.04,-0.23,3,1013018
115.94,11133.31,33.07,1.03,0.03,-0.23,1,1013086
40.13,-7012.37,33.12,1.02,0.04,-0.25,3,1013152
206.13,-9215.75,33.07,1.01,0.06,-0.22,2,1013220
119.81,-10821,33.16,1.01,0.06,-0.23,0,1013288
105.81,-10277.91,33.02,1.02,0.04,-0.21,2,1013357
-3.5,-9765,33.02,0.96,0.05,-0.26,3,1013424
117.69,12488.28,33.16,0.98,0.07,-0.24,2,1013491
-28.19,556.81,33.12,1,0.07,-0.25,2,1013557
243.25,-9928.03,33.12,1,0.07,-0.26,0,1013624
193.06,1209.38,33.12,1.03,0.05,-0.25,2,1013691
369.44,1561.91,33.12,1,0.06,-0.26,3,1013758
366.94,1905.81,33.07,1.04,0.07,-0.25,1,1013825
570.63,2148.53,33.16,0.96,0.07,-0.24,2,1013892
409.06,1653.09,33.12,1.01,0.07,-0.26,1,1013958
442.63,-1664.56,33.12,1.02,0.06,-0.25,1,1014026
289.5,1647.69,33.12,1.03,0.07,-0.24,0,1014092
334,1842.25,33.12,1.03,0.05,-0.25,0,1014159
-155.69,902.19,33.07,1,0.08,-0.23,3,1014225
16.06,2615.06,33.12,1.01,0.07,-0.26,2,1014291
1936.31,10139.31,33.07,1.01,0.08,-0.24,2,1014360
3856.5,8489.31,33.12,1.02,0.05,-0.24,1,1014427
9308.62,12846.87,33.02,1.01,0.07,-0.24,1,1014496
4761.19,14012.56,33.07,1.01,0.08,-0.23,0,1014565
4116.12,12179.94,33.12,1.03,0.07,-0.25,3,1014634
4771.37,3375.94,33.16,1.04,0.07,-0.23,0,1014702
6012.75,3210.12,33.12,1.03,0.06,-0.23,1,1014769
6780.12,16173.62,33.12,1.02,0.06,-0.23,2,1014838
7066.12,15165.94,33.16,1.02,0.08,-0.23,2,1014906
7706.81,10979.62,33.02,1.01,0.06,-0.25,1,1014976
1582.5,10057.62,32.98,1.02,0.07,-0.22,0,1015045
-284.63,-7160.25,33.12,1.02,0.05,-0.24,2,1015113
-423.44,-7403.19,33.07,1.02,0.07,-0.24,1,1015182
-264.25,1651.94,33.16,1.02,0.07,-0.24,0,1015249
21,1351.38,33.07,0.99,0.09,-0.21,0,1015315
269.94,6761.75,33.12,1.14,0.1,-0.27,4,1015382
280.44,-1441.31,33.02,0.93,0.14,-0.23,2,1015449
437.44,9917.75,33.12,1.01,-0.08,-0.32,1,1015517
107.56,-699.13,33.12,1.02,0.01,-0.26,0,1015583
68.19,8867.81,33.07,0.91,0.13,-0.24,0,1015649
-118.25,-161.56,33.12,1.06,0.09,-0.21,2,1015716
-53.31,59.5,33.21,1.02,0.02,-0.24,2,1015781
-136.69,-159.44,33.12,1.05,0.06,-0.25,0,1015848
-48.81,7756.5,33.07,1.04,0.08,-0.27,2,1015915
-247.38,-539.31,33.07,1.02,0.05,-0.24,1,1015983
-342,2901.62,33.12,1.01,0.04,-0.25,0,1016050
-581.94,7965.56,33.12,0.99,0.03,-0.27,2,1016119
-453.81,1044.31,33.12,0.93,0.06,-0.31,1,1016186
-561.13,-12.94,33.21,1.02,0.03,-0.29,1,1016253
-399.06,453.75,33.16,1.01,0.05,-0.28,1,1016320
-534.13,-153.94,33.16,1.02,0.03,-0.25,0,1016387
-242.44,-1120.25,33.16,1.02,0.04,-0.26,1,1016456
-316.31,-3512.25,33.16,0.99,0.02,-0.26,0,1016524
-268.5,-6956.62,33.16,1.02,0.03,-0.27,0,1016593
-447.06,-8733.81,33.21,0.99,0.04,-0.26,0,1016662
-499.69,273.88,33.12,1.02,0.01,-0.28,1,1016728
-1025.75,127.19,33.12,0.99,0.04,-0.26,12,1016797
-1101.44,6002.81,33.12,1,0.03,-0.28,1,1016866
-842.38,-8618.31,33.16,1.02,0.03,-0.28,1,1016935
-472.25,-8185.37,33.12,1.02,0.01,-0.27,6,1017004
-7516.62,-9192.12,33.12,0.98,0.03,-0.27,1,1017073
-31524.81,-27031.5,33.12,1.03,0.04,-0.27,0,1017145
-34230.56,-28647.94,33.02,1.01,0.04,-0.28,2,1017218
-32857.06,-27439.56,33.07,1,0.03,-0.28,0,1017289
-32092.19,-25420.56,33.07,1.03,0.02,-0.29,0,1017361
-30394.56,-26465.53,33.21,1.05,0.04,-0.27,1,1017433
-28735.81,-21931.28,33.21,1.01,0.02,-0.3,2,1017505
-27068.06,-22793.69,33.07,1.02,-0.01,-0.27,1,1017578
-25558.63,-19208.03,33.12,1.01,0.02,-0.27,2,1017650
-24055.69,-17602.63,33.07,1,0.03,-0.26,0,1017722
-22852.94,-21067.5,33.21,1.04,0,-0.27,2,1017795
-21538.28,-20012.13,33.12,1,0.02,-0.26,0,1017867
-20605.38,-14761.5,33.16,1.04,0.01,-0.25,1,1017939
-19568.09,-14138.44,33.12,0.97,0,-0.28,1,1018011
-18583.69,-17565.5,33.07,1.01,0.01,-0.28,0,1018083
-16878.5,-16689.22,33.07,1.02,-0.01,-0.28,1,1018157
-15341.59,-13934.78,33.12,1.08,-0.11,-0.21,0,1018229
-14648.5,-11919.03,33.16,1.04,-0.04,-0.22,2,1018302
-14663.09,-13486.09,33.12,1.02,-0.1,-0.23,5,1018376
-14229.94,-11097.78,33.07,1.03,-0.06,-0.27,0,1018448
-14637.44,-13330.89,33.12,1,-0.06,-0.2,2,1018521
-13892.56,-12076.34,33.16,1.03,-0.08,-0.23,2,1018595
-13142.94,-10504.52,33.12,1.02,-0.05,-0.24,2,1018668
-12457.78,-11536.3,33.07,0.98,-0.02,-0.23,3,1018740
-11857.91,-9404.48,33.12,1.04,-0.05,-0.26,1,1018813
-11248,-10488.25,33.12,1.03,-0.06,-0.26,1,1018886
-10659.59,-8403.84,33.07,0.98,-0.01,-0.26,1,1018957
-10059.62,-9545.66,33.12,1.04,0.02,-0.26,1,1019028
-9578.64,-7500.37,33.12,0.97,0.01,-0.28,0,1019099
-9045.7,-5366.34,33.16,1.01,-0.01,-0.33,0,1019169
-8607.42,-6868.03,33.16,0.97,0.01,-0.29,2,1019239
-8134.05,-4673.62,33.12,1.02,0.02,-0.37,0,1019309
-7759.34,-6287.95,33.16,0.93,0.25,-0.26,0,1019378
-7274.37,-7532.55,33.07,1.13,0,-0.26,1,1019450
-7017.66,-5590.92,33.12,0.97,0.06,-0.3,3,1019520
-6676.78,-5886.39,33.16,1.05,0.05,-0.26,0,1019589
-6426.94,-6582.06,33.07,0.99,0.05,-0.27,2,1019659
-6109.59,-4585.95,33.12,1.01,0.05,-0.27,1,1019728
-5828.11,-2946.66,33.07,1.03,0.05,-0.27,7,1019798
-5574.7,-4309.33,33.12,1,0.05,-0.26,0,1019869
-5311.97,-5661.86,33.16,1,0.04,-0.26,1,1019938
-5077.37,-3814.77,33.12,1.01,0.05,-0.27,0,1020008
-4845.5,-5189.03,33.02,1.01,0.04,-0.28,1,1020078
-4628.23,-3371.58,33.16,1.01,0.04,-0.28,0,1020147
-4471.81,-4427,33.12,1,0.04,-0.27,2,1020218
-4278.22,-1692.65,33.16,1.02,0.04,-0.27,1,1020288
-4206.31,-2858.02,33.21,1.01,0.04,-0.28,1,1020357
-4104,-2806.12,33.07,1.02,0.05,-0.27,0,1020427
-3937.8,-4169.8,33.07,1.01,0.04,-0.28,0,1020496
-3878.91,-1047.32,33.02,1.01,0.05,-0.27,0,1020566
-3640.96,-2128.95,33.02,1.02,0.04,-0.27,1,1020637
-3460.91,-2301.51,33.12,1,0.05,-0.28,1,1020706
-3265.87,-2216.43,33.07,1.02,0.05,-0.27,3,1020776
-3097.58,-3575.61,33.02,1,0.05,-0.28,2,1020846
-2968.7,-664.83,33.16,0.99,0.05,-0.28,1,1020914
-2798.26,-2438.59,33.12,1,0.06,-0.27,2,1020984
-2664.35,-1774.66,33.07,1.02,0.04,-0.28,3,1021054
-2526.13,-1667.92,33.12,1,0.05,-0.28,0,1021124
-2399.82,-3070.53,33.07,1.01,0.05,-0.27,0,1021194
-2264.84,452,33.12,1.01,0.04,-0.27,2,1021261
-2171.59,-2940.6,33.21,0.99,0.06,-0.28,0,1021331
-2049.01,-1302.57,33.12,1.01,0.06,-0.29,2,1021401
-1957.56,-1254.44,33.16,1.01,0.06,-0.28,1,1021471
-1844.68,-2665.72,33.12,1.02,0.05,-0.27,1,1021541
-1751.45,498.57,33.26,1,0.05,-0.3,1,1021608
-1638.88,-2558.36,33.12,1.01,0.06,-0.28,0,1021678
-1575.93,-328.45,33.12,1.02,0.04,-0.26,1,1021747
-1487.13,-916.02,33.12,1,0.05,-0.28,7,1021815
-1428.78,-897.22,33.16,1.03,0.05,-0.27,2,1021884
-1340.34,-501.36,33.12,1.01,0.06,-0.27,2,1021953
-1280.32,-2297.29,33.12,1.01,0.06,-0.29,7,1022023
-1195.3,-2183.43,33.07,1.01,0.05,-0.28,0,1022093
-1154.54,-308.25,33.02,1,0.06,-0.28,1,1022161
-1081.81,-562.84,33.07,1.01,0.06,-0.28,2,1022230
-1045.73,-2027.7,33.16,1.01,0.05,-0.28,0,1022300
-979.44,427.68,33.12,1,0.07,-0.29,2,1022366
-937.47,-1362.7,33.12,1.01,0.06,-0.28,2,1022435
-883.59,-1880.57,33.12,1,0.06,-0.29,1,1022503
-843.41,-151.54,33.12,1,0.06,-0.3,0,1022571
-802.24,-279.96,33.12,1,0.06,-0.28,1,1022640
-750.13,-286.96,33.12,0.99,0.07,-0.29,3,1022707
-701.63,-257.61,33.12,1.01,0.06,-0.29,3,1022775
-681.54,-1738.73,33.07,0.99,0.06,-0.29,1,1022843
-625.46,-1651.8,33.16,1,0.06,-0.28,3,1022912
-605.19,-24.21,33.12,1.01,0.06,-0.28,1,1022979
-562.93,2032,33.07,1,0.06,-0.29,1,1023046
-544.79,1185.4,33.16,1.01,0.07,-0.28,6,1023114
-505.55,-891.87,33.16,1,0.05,-0.27,2,1023181
-489.27,-217.27,33.21,0.97,0.09,-0.3,2,1023249
-459.8,-166.41,33.12,1.02,0.05,-0.29,2,1023316
-454.82,-197.09,33.21,1.01,0.07,-0.28,1,1023384
-415.07,-159.23,33.12,1.01,0.05,-0.29,5,1023452
-408.32,-176.27,33.12,1,0.08,-0.29,1,1023519
-391.91,-150.46,33.16,0.99,0.06,-0.3,0,1023587
-378.31,-159.94,33.16,1,0.08,-0.3,2,1023654
-350.39,-139.94,33.12,1.01,0.05,-0.28,0,1023722
-342.88,-147.94,33.12,1.02,0.05,-0.27,1,1023791
-317.73,-106.54,33.12,0.99,0.06,-0.3,0,1023858
-308.84,-135.22,33.12,1.02,0.07,-0.28,2,1023926
-273.4,-88.46,33.12,1,0.06,-0.29,1,1023992
-286.73,-123.03,33.16,1,0.06,-0.29,1,1024060
-260.39,300.12,33.12,1.01,0.07,-0.29,2,1024126
-255.38,730.11,33.16,1,0.06,-0.29,2,1024193
-238.61,-654.39,33.16,0.99,0.08,-0.29,1,1024261
-217.68,-1603.67,33.21,1.02,0.07,-0.29,2,1024329
-203.79,-1523.49,33.12,1,0.07,-0.28,3,1024398
-210.6,1319.68,33.16,0.99,0.06,-0.29,0,1024465
-185.07,2136.7,33.07,1.01,0.06,-0.29,2,1024533
-175.82,130.87,33.16,1,0.06,-0.29,2,1024600
-162.03,-1625.68,33.12,1.01,0.06,-0.28,2,1024668
-172.93,-1545.39,33.16,1.01,0.06,-0.29,1,1024737
-165.28,30.87,33.16,1,0.06,-0.29,1,1024802
-173.02,0.33,33.02,1.01,0.06,-0.28,1,1024867
-146.37,17.31,33.07,1,0.07,-0.29,1,1024932
-153.05,-5.55,33.12,1.02,0.06,-0.28,2,1024998
-139.39,22.73,33.12,1,0.07,-0.29,5,1025063
-138.43,498.59,33.16,1.01,0.05,-0.3,0,1025130
-123.5,-1138.34,33.12,1,0.06,-0.28,0,1025199
-129.33,1586.58,33.12,1.02,0.06,-0.28,3,1025266
-107.86,-1520.75,33.12,1.01,0.06,-0.29,3,1025335
-114.47,-1441.71,33.16,1.01,0.06,-0.29,2,1025403
-100.75,-1371.63,33.16,1,0.06,-0.29,3,1025473
-100.71,-232.05,33.07,1,0.07,-0.28,2,1025541
-78.67,-1290.44,33.16,1.01,0.06,-0.29,1,1025608
-82.74,-1225.92,33.16,1,0.08,-0.28,2,1025676
-70.6,326.38,33.12,1.01,0.06,-0.29,0,1025741
-74.07,294.05,33.07,1,0.06,-0.28,1,1025807
-64.37,296.35,33.07,1.01,0.06,-0.3,2,1025871
-77.15,258.54,33.12,1,0.06,-0.29,2,1025937
-63.29,1561.61,33.12,1.01,0.06,-0.29,0,1026003
-63.13,173.53,33.16,1.02,0.06,-0.29,0,1026069
-66.97,1186.85,33.21,1,0.05,-0.29,1,1026136
-66.62,2005.51,33.16,1.01,0.07,-0.28,0,1026202
-61.29,-1470.77,33.16,1.01,0.06,-0.28,1,1026271
-68.23,-967.23,33.12,1,0.06,-0.28,0,1026336
-48.82,-1349.87,33.07,1.01,0.05,-0.29,2,1026405
-57.38,-769.37,33.07,1.01,0.06,-0.28,1,1026470
-43.51,1256.1,33.12,1.01,0.06,-0.28,0,1026538
-48.33,2015.29,33.07,1.01,0.05,-0.28,0,1026605
-37.91,985.53,33.12,1.01,0.06,-0.29,3,1026670
-39.02,-1023.75,33.16,1.01,0.06,-0.29,1,1026738
-39.07,-1402.56,33.02,1.01,0.06,-0.28,0,1026805
-43.11,127.56,33.12,1.01,0.06,-0.28,1,1026871
-17.96,-1341.81,33.16,1,0.07,-0.29,3,1026938
-36.06,-1271.72,33.12,1,0.06,-0.29,1,1027006
-26.26,285.86,33.21,1,0.08,-0.29,3,1027072
-30.95,695.57,33.21,1.01,0.06,-0.29,5,1027136
-24.4,1545.79,33.07,1,0.06,-0.28,1,1027204
-42.18,-1334.5,33.12,1,0.06,-0.29,2,1027271
-20.07,219.23,33.12,1,0.06,-0.28,0,1027337
-29.07,195.27,33.12,1,0.06,-0.29,0,1027401
-19.61,204.5,33.16,1.01,0.06,-0.29,1,1027467
-27.63,830.28,33.16,1.01,0.06,-0.28,1,1027532
-13.25,-1342.24,33.12,1.01,0.06,-0.28,0,1027600
-36.59,1763.88,33.07,1.01,0.06,-0.27,1,1027666
-25.76,-1362.32,33.16,1.01,0.06,-0.3,0,1027734
-40.47,163.8,33.12,1.01,0.06,-0.28,1,1027800
-22.45,180.61,33.12,1.01,0.05,-0.28,2,1027865
-28.32,1014.58,33.07,1,0.07,-0.29,1,1027932
-11.91,1853.85,33.16,1.01,0.07,-0.29,2,1027998
-30.31,1001.16,33.12,1.01,0.06,-0.28,1,1028065
-13.8,-998.9,33.16,1.01,0.05,-0.29,1,1028131
-33.11,11.04,33.12,1,0.06,-0.29,0,1028196
-20.45,-279.51,33.12,1,0.06,-0.28,0,1028262
-23.43,1096.47,33.07,1,0.06,-0.29,0,1028329
-14.26,1949.64,33.21,1.01,0.06,-0.28,2,1028396
-17.55,-121.84,33.07,1,0.06,-0.3,1,1028462
-3.67,294.25,33.12,1.01,0.05,-0.29,3,1028527
-18.48,1155.54,33.21,1.01,0.05,-0.29,3,1028593
-4.56,-171.23,33.16,1,0.06,-0.28,1,1028659
-22.33,-176.68,33.07,1.01,0.05,-0.3,1,1028725
-6.21,-145.84,33.21,1.01,0.06,-0.29,1,1028791
-18.91,-169.55,33.12,1.01,0.06,-0.29,1,1028857
-10.96,-1628.07,33.21,1,0.06,-0.29,0,1028925
-7.41,-1545.67,33.07,1,0.06,-0.28,11,1028993
-4.04,20.62,33.16,1,0.07,-0.28,0,1029056
-13.84,0.58,33.21,1,0.06,-0.28,1,1029120
-2.15,-969.45,33.07,1.01,0.06,-0.29,0,1029185
-5.04,1593.03,33.16,1,0.06,-0.29,4,1029251
0.21,-15.62,33.07,1.01,0.06,-0.29,1,1029313
-10.8,-27.84,33.12,1,0.06,-0.29,1,1029379
-3.26,-1433.45,33.07,1.01,0.05,-0.28,0,1029445
-6.09,1769.22,33.07,1.01,0.06,-0.29,0,1029511
-0.79,-1514.24,33.12,1,0.07,-0.29,2,1029577
-4.75,218.47,33.16,1.01,0.06,-0.28,1,1029642
14.48,-1451.45,33.12,1,0.06,-0.29,0,1029708
-4.24,-1296.88,33.12,1.01,0.06,-0.28,0,1029775
11.97,173.96,33.07,1,0.07,-0.29,1,1029839
-6.63,612.27,33.07,1,0.05,-0.29,1,1029904
13.71,-1354.35,33.16,1.01,0.07,-0.29,0,1029970
-6.98,-1286.63,33.12,1,0.06,-0.28,0,1030037
4.37,1699.7,33.16,1.02,0.06,-0.29,0,1030102
-9.85,156.72,33.21,1,0.06,-0.28,0,1030166
1.64,-613.12,33.16,1,0.06,-0.29,7,1030231
-3.44,187.54,33.12,1.01,0.06,-0.29,2,1030294
-4.27,-161.84,33.21,1,0.06,-0.29,1,1030360
-4.05,189.25,33.21,1,0.07,-0.28,2,1030424
0.15,670.79,33.21,1.01,0.07,-0.29,0,1030488
-11.86,-1328.75,33.02,0.99,0.07,-0.29,0,1030555
6.73,-1259.31,33.16,1,0.06,-0.3,0,1030621
-7.6,278.65,33.02,1.01,0.06,-0.28,1,1030685
3.78,-1017.28,33.16,1.01,0.06,-0.28,3,1030751
-7.41,1983.59,33.21,1,0.06,-0.29,1,1030816
-4.04,-1261.59,33.12,1,0.06,-0.29,0,1030883
-9.84,274.49,33.16,1.01,0.06,-0.28,1,1030947
0.65,1267.76,33.16,1.01,0.06,-0.28,3,1031012
-9.38,-1275.63,33.16,1,0.06,-0.29,1,1031078
4.09,279.15,33.12,1.01,0.06,-0.28,2,1031142
-15.11,-1225.8,33.16,1.01,0.05,-0.29,1,1031209
0.64,323.49,33.26,1.01,0.06,-0.29,0,1031272
-7.39,-376.69,33.12,1.01,0.06,-0.29,2,1031337
-0.02,-1160.85,33.12,1.01,0.06,-0.28,3,1031404
-6.02,356.19,33.21,1,0.06,-0.29,1,1031469
4.28,1893.38,33.12,1.01,0.05,-0.29,3,1031533
-6.93,248.71,33.12,1.01,0.07,-0.29,1,1031598
6.41,260.28,33.12,1.01,0.06,-0.29,0,1031661
-8.91,-1239.74,33.16,1,0.06,-0.29,3,1031728
0.54,305.25,33.12,1.01,0.06,-0.29,1,1031791
-2.49,1305.99,33.07,0.99,0.06,-0.29,1,1031857
8.64,2152.69,33.21,1,0.07,-0.28,1,1031921
-7.8,-1367.95,33.12,1.02,0.06,-0.29,2,1031988
-1.41,510.45,33.26,1,0.06,-0.29,1,1032052
-6.34,551.93,33.12,0.99,0.06,-0.29,0,1032116
-2.02,143.33,33.12,1.01,0.05,-0.29,0,1032180
-13.92,-1358.84,33.12,1,0.07,-0.28,1,1032248
5.78,-1291.89,33.12,1.01,0.06,-0.29,2,1032313
-3.51,241.7,33.12,1.01,0.06,-0.29,1,1032378
2.66,-874.38,33.12,1,0.06,-0.29,2,1032442
-4.47,1885.34,33.12,0.99,0.07,-0.29,1,1032508
9.75,201.07,33.26,1.01,0.06,-0.28,2,1032571
-12.73,-1299.98,33.21,1,0.06,-0.28,0,1032639
5.9,258.01,33.12,1,0.06,-0.28,1,1032702
-17.39,-1247.89,33.12,1.01,0.06,-0.28,4,1032770
5.48,1047.51,33.21,1,0.06,-0.29,0,1032835
-3.8,517.13,33.16,1,0.06,-0.29,3,1032899
1.39,1374.28,33.21,1.01,0.06,-0.28,3,1032964
-6.68,144.56,33.21,1.01,0.06,-0.28,1,1033027
19.66,153.33,33.21,0.99,0.06,-0.29,2,1033092
3.68,2131.67,33.21,1.01,0.07,-0.29,2,1033156
18.49,43.08,33.12,1.01,0.06,-0.29,0,1033220
8.57,-1453.07,33.21,1,0.06,-0.29,0,1033285
13.14,1677.58,33.12,1,0.06,-0.28,2,1033351
1.48,3.7,33.16,1.01,0.05,-0.29,2,1033412
4.41,162.52,33.07,1.01,0.07,-0.27,2,1033476
-7.81,-1475.61,33.12,1.01,0.05,-0.29,1,1033542
4.58,94.17,33.16,1,0.06,-0.29,0,1033605
-9.65,1008.46,33.12,1,0.06,-0.28,0,1033669
-7.17,-1067.96,33.31,1,0.06,-0.3,2,1033736
-2.81,1184.44,33.16,1.01,0.05,-0.29,1,1033801
-3.67,-404.78,33.21,1,0.05,-0.29,1,1033867
-5.48,-1442.54,33.21,1.01,0.06,-0.28,0,1033933
2.79,589.58,33.16,1.01,0.06,-0.29,0,1033997
-7.35,255.1,33.21,1,0.06,-0.29,0,1034061
4.02,93.35,33.21,1,0.06,-0.3,0,1034124
-3.18,1512.68,33.21,1.01,0.06,-0.29,0,1034189
-1.02,-2.95,33.16,1,0.07,-0.29,0,1034253
-3.97,1489.2,33.12,1.01,0.06,-0.28,3,1034317
15.22,-71.26,33.21,1.01,0.06,-0.29,1,1034382
-10.54,-86.7,33.12,1,0.07,-0.28,0,1034447
0.99,-68.37,33.12,1.01,0.06,-0.29,2,1034511
-0.06,1705.05,33.16,1.01,0.06,-0.28,0,1034576
4.95,-1638.2,33.21,1,0.06,-0.29,1,1034642
-10.3,-1559.29,33.12,1.01,0.06,-0.29,0,1034710
2.21,-1480.33,33.12,1.01,0.06,-0.28,4,1034775
-9.9,68.69,33.12,1,0.06,-0.28,2,1034839
-5.4,913.26,33.16,1.01,0.06,-0.28,0,1034903
-6.13,1847.59,33.16,1.01,0.07,-0.29,0,1034969
4.17,-1547.79,33.26,0.99,0.07,-0.29,0,1035034
-6.04,-1103.4,33.21,1,0.06,-0.29,2,1035101
8.27,-1415.23,33.16,1,0.06,-0.28,0,1035166
-6.15,-1342.47,33.21,1.01,0.06,-0.28,0,1035233
6.16,-1276.34,33.12,1,0.07,-0.29,2,1035297
-9.15,-1211.53,33.26,1.01,0.06,-0.29,0,1035364
-2.69,-1152.95,33.12,1,0.06,-0.29,3,1035430
-11.55,369.7,33.07,1,0.07,-0.28,0,1035496
2.02,-1112.79,33.16,1,0.06,-0.29,1,1035561
-13.08,412.85,33.12,1,0.06,-0.28,2,1035627
-2.43,-803.79,33.16,1,0.06,-0.29,0,1035693
-7.3,-101.6,33.21,1,0.05,-0.29,0,1035758
5.06,-1034.52,33.26,1.01,0.05,-0.3,1,1035824
-7.19,480.21,33.26,1.01,0.05,-0.28,0,1035888
-11.83,1352.2,33.16,1.02,0.03,-0.28,6,1035955
-9.24,392.59,33.21,0.99,0.08,-0.3,0,1036019
3.22,-1093.04,33.31,1.04,0.03,-0.28,3,1036085
-17.94,-999.39,33.16,1.01,0.05,-0.25,1,1036151
-1.04,496.58,33.12,1.01,0.03,-0.27,0,1036216
-12.99,903.75,33.16,1,0.05,-0.29,1,1036281
-5.34,-1059.44,33.21,1.01,0.07,-0.3,0,1036348
-21.07,-1006.47,33.16,1.01,0.04,-0.29,0,1036416
-5.02,533.86,33.12,1.01,0.05,-0.27,1,1036480
-11.77,478.16,33.12,0.99,0.06,-0.28,3,1036545
0.82,-1006.74,33.21,1.01,0.05,-0.27,3,1036610
-17.22,-956.41,33.16,1.01,0.05,-0.28,1,1036677
-4.36,587.41,33.12,1.01,0.04,-0.27,4,1036741
-14.14,-936.96,33.21,1.02,0.04,-0.28,2,1036808
9.56,-591.11,33.16,1,0.05,-0.28,2,1036872
2.09,611.45,33.12,1.01,0.04,-0.27,1,1036936
14.98,-891.13,33.21,1,0.05,-0.28,0,1037001
19.23,1013.43,33.21,1.02,0.04,-0.27,2,1037067
9.27,607.76,33.16,1.02,0.04,-0.29,1,1037130
-13.19,-927.63,33.21,0.99,0.05,-0.28,1,1037197
8.47,2615.75,33.26,1.02,0.04,-0.28,3,1037261
8.04,456.96,33.21,1,0.04,-0.28,1,1037325
32.64,-719.88,33.26,1.01,0.03,-0.29,0,1037390
8.01,2131.11,33.16,1.02,0.03,-0.27,0,1037454
8.61,1638.55,33.16,1,0.04,-0.27,3,1037518
10.18,278.63,33.16,1,0.03,-0.29,2,1037583
17.67,-1200.3,33.21,1.02,0.05,-0.26,1,1037649
16.79,-777.29,33.16,1,0.04,-0.29,1,1037715
20.95,389.58,33.21,1.02,0.04,-0.27,0,1037779
8.9,-142.9,33.12,1.02,0.03,-0.25,1,1037844
11.45,1584.24,33.26,1.01,0.04,-0.27,2,1037910
2.88,282.03,33.21,1.01,0.03,-0.27,0,1037973
19.74,1670.93,33.21,1.03,0.02,-0.26,0,1038039
3.75,176.38,33.07,1,0.05,-0.28,0,1038102
17.56,193.56,33.12,1.01,0.03,-0.27,1,1038167
14.69,-1311.12,33.12,1.01,0.03,-0.27,1,1038233
20.95,245.44,33.12,1.01,0.04,-0.27,0,1038298
7.9,-938.83,33.12,1.02,0.02,-0.27,1,1038362
37.51,276.11,33.16,1.02,0.04,-0.27,2,1038427
26.63,1111.3,33.12,1,0.03,-0.28,0,1038492
22.3,-449.26,33.12,1,0.04,-0.28,1,1038558
18.19,211.2,33.16,1.02,0.03,-0.27,1,1038621
17.28,1989.64,33.16,1,0.04,-0.27,1,1038687
16.41,-1365.84,33.12,1.02,0.04,-0.26,2,1038753
23.59,198.45,33.16,1.02,0.03,-0.26,3,1038818
4.41,-1306.47,33.16,1.01,0.02,-0.29,2,1038883
19.19,245.85,33.21,1.01,0.04,-0.28,1,1038948
10.23,1261.56,33.31,1.02,0.02,-0.26,0,1039013
9.72,-1319.52,33.16,1,0.04,-0.28,2,1039079
5.23,215.46,33.26,1.01,0.03,-0.27,0,1039142
9.97,-1011.31,33.16,1.01,0.04,-0.28,0,1039208
-9.53,250.25,33.26,1.01,0.05,-0.28,0,1039272
2.95,22.74,33.26,1.01,0.03,-0.27,1,1039335
-6.2,-1224.4,33.21,1.01,0.02,-0.27,3,1039401
-3.89,640.82,33.16,1,0.03,-0.27,0,1039466
-7.69,755.78,33.12,1.02,0.02,-0.26,1,1039531
-8.31,250.99,33.21,1.01,0.03,-0.27,0,1039594
-12.89,1177.44,33.21,1.01,0.03,-0.27,1,1039661
-2.25,-1304.43,33.16,1,0.03,-0.29,2,1039727
-10.14,229.79,33.16,1.02,0.04,-0.27,0,1039793
4.37,602.3,33.16,1,0.03,-0.28,0,1039856
-3.85,580.19,33.21,0.99,0.04,-0.27,0,1039921
15.34,179.18,33.21,1.01,0.04,-0.27,1,1039985
-5.42,-1318.78,33.12,1.01,0.03,-0.28,0,1040052
22.85,-1254.84,33.07,1.01,0.03,-0.28,2,1040118
-0.29,283.9,33.07,1.01,0.03,-0.27,1,1040183
15.72,2304.7,33.21,1.02,0.03,-0.27,0,1040248
15.93,157.47,33.16,1,0.04,-0.28,2,1040313
23.14,-809.4,33.16,1.01,0.03,-0.28,2,1040378
18.98,183.07,33.21,1.01,0.04,-0.27,2,1040443
20.03,981.91,33.12,1.01,0.03,-0.28,0,1040507
5.03,-563.18,33.21,1.01,0.04,-0.27,0,1040572
24.78,181.98,33.31,1.02,0.03,-0.26,2,1040635
13.54,2046.88,33.21,0.99,0.04,-0.29,0,1040701
28.86,-1431.47,33.26,1.01,0.04,-0.27,2,1040769
12.42,126.11,33.21,1.02,0.04,-0.27,3,1040832
10.8,1251.8,33.21,1.01,0.03,-0.27,0,1040898
14.26,48.21,33.16,1.02,0.03,-0.28,0,1040961
13.55,1005.8,33.21,1.02,0.02,-0.27,0,1041027
14.87,-1479.49,33.26,1.01,0.03,-0.26,1,1041093
22.12,85.48,33.21,0.99,0.04,-0.27,1,1041157
8.02,52.21,33.21,1.01,0.04,-0.27,1,1041219
9.62,1517.6,33.12,1.01,0.03,-0.28,0,1041284
9.14,-16.28,33.16,1.02,0.03,-0.27,1,1041347
5.68,696.54,33.12,1,0.03,-0.28,0,1041411
7.4,1754.71,33.16,1.02,0.03,-0.27,0,1041475
15.03,-104.03,33.16,0.99,0.04,-0.28,0,1041540
-1.73,-1605.83,33.21,1.03,0.03,-0.27,0,1041606
4.36,-35.54,33.16,1,0.03,-0.28,2,1041670
10.14,-1353.76,33.12,1,0.05,-0.28,1,1041736
16.64,-429.07,33.16,1.01,0.03,-0.28,0,1041802
6.8,42.38,33.21,1.02,0.03,-0.25,1,1041864
10.46,359.26,33.21,1.01,0.04,-0.28,3,1041929
3.94,1452.3,33.16,1,0.03,-0.29,0,1041993
13.74,-30.31,33.16,1.04,0.04,-0.26,1,1042058
11.06,-1523.8,33.21,1.01,0.02,-0.28,1,1042124
8.5,-572.61,33.21,0.99,0.05,-0.28,1,1042189
6.08,1007.02,33.07,1.02,0.03,-0.27,1,1042253
13.77,16.67,33.16,1,0.03,-0.28,0,1042317
-8.91,-1473.16,33.26,1.01,0.03,-0.27,0,1042383
2.53,89.5,33.21,1.02,0.03,-0.27,0,1042445
-3.59,1257.02,33.21,1.01,0.03,-0.27,2,1042510
6.59,23.17,33.16,1.01,0.03,-0.27,1,1042573
3.25,890.01,33.21,1.01,0.05,-0.28,15,1042637
1.09,-1510.49,33.16,1,0.03,-0.28,0,1042703
7.04,30.04,33.21,1.02,0.04,-0.29,1,1042765
8.69,687.53,33.21,1.01,0.03,-0.27,0,1042829
-9.75,1468.16,33.21,1,0.04,-0.28,0,1042894
11.74,666.75,33.12,1.03,0.02,-0.27,0,1042958
3.15,-471.59,33.21,0.95,0.06,-0.29,1,1043022
-1,-49.01,33.12,1.01,0.06,-0.27,2,1043087
-9.95,1691.44,33.21,1.02,0.03,-0.27,1,1043152
2.54,-1637.13,33.31,1,0.07,-0.28,1,1043218
-14.59,9.73,33.21,1.01,0.06,-0.29,2,1043281
8.14,827.24,33.21,1.01,0.06,-0.27,0,1043345
-3.26,70.88,33.16,1.02,0.04,-0.28,1,1043408
4.9,-1598.67,33.12,0.99,0.05,-0.28,0,1043474
-11.34,-56.73,33.16,1.02,0.05,-0.28,1,1043538
3.22,-1515.9,33.26,1,0.05,-0.28,0,1043604
0.06,21.9,33.31,1,0.04,-0.27,1,1043666
4.06,1489.8,33.21,1.02,0.03,-0.28,3,1043731
-4.14,-42.69,33.21,1,0.05,-0.27,6,1043795
-9.94,1661.45,33.16,1.02,0.03,-0.28,3,1043861
-11.44,-128.63,33.21,1.01,0.04,-0.28,2,1043928
2.13,-1593.19,33.16,1,0.04,-0.28,0,1043993
3585.02,1942.47,33.26,1.01,0.04,-0.28,1,1044061
14037.77,14657.34,33.26,1.01,0.04,-0.29,10,1044131
16484.89,5849.48,33.21,1.01,0.05,-0.28,1,1044200
19581.64,15725,33.26,1.02,0.03,-0.27,1,1044271
19376.56,13683.75,33.21,1,0.05,-0.28,3,1044340
17801.73,14579.56,33.21,1.01,0.05,-0.28,2,1044410
16530.64,19047.59,33.21,1.02,0.03,-0.28,1,1044480
13945.11,11424.2,33.07,1.01,0.05,-0.28,1,1044550
12012.86,10027.99,33.16,1.01,0.05,-0.29,1,1044620
10691.22,1331.59,33.16,1.01,0.04,-0.27,0,1044688
9919.66,8587.02,33.21,1,0.04,-0.28,0,1044756
9211.67,835.67,33.12,1.01,0.04,-0.27,0,1044823
8479.08,8123.87,33.16,1.01,0.04,-0.27,2,1044890
8139.12,2350.69,33.16,1.01,0.03,-0.27,1,1044958
7665.17,7349.16,33.21,1.01,0.04,-0.27,0,1045026
7216.92,7146.7,33.21,1.01,0.03,-0.28,11,1045095
7020.06,7739.36,33.16,1.01,0.05,-0.28,0,1045163
6981.06,11011.39,33.26,1,0.04,-0.28,1,1045231
6569.02,6566.83,33.21,1.01,0.04,-0.28,3,1045299
6287.56,5974.48,33.16,1.01,0.04,-0.27,1,1045366
5934.19,5492.75,33.21,1.01,0.04,-0.28,1,1045434
5708.47,-2290.87,33.16,1.01,0.03,-0.27,2,1045504
5368.06,9803.66,33.21,0.99,0.05,-0.28,1,1045571
5157.66,9012.48,33.21,1.01,0.04,-0.28,1,1045639
4789.75,4363.86,33.21,1,0.04,-0.29,2,1045706
4598.28,4353.66,33.21,1.01,0.05,-0.28,3,1045774
4340.37,3942.98,33.26,1,0.04,-0.28,1,1045841
4176.34,3933.83,33.16,1.01,0.04,-0.27,2,1045909
3897.53,3515.14,33.16,1.01,0.05,-0.28,0,1045977
3766.66,3542.37,33.21,1.01,0.04,-0.29,3,1046044
3335.31,3716.27,33.31,1.01,0.04,-0.28,1,1046113
2950.56,10888.44,33.16,1.01,0.05,-0.28,2,1046181
2500.03,2264.03,33.31,1.01,0.04,-0.28,0,1046249
2325.03,10876.84,33.12,1,0.05,-0.29,2,1046318
2115.78,1295.97,33.16,1.01,0.04,-0.28,0,1046385
1758.97,1941.19,33.16,1,0.05,-0.27,1,1046453
1571.03,7395.12,33.16,1.02,0.04,-0.29,3,1046520
1262.47,3995.37,33.21,1,0.04,-0.28,0,1046589
925.34,7319.59,33.21,1.01,0.04,-0.28,1,1046656
561.09,3908.62,33.12,1,0.04,-0.27,3,1046722
782.03,-6979.81,33.07,1.01,0.05,-0.28,1,1046790
880.94,-6630.81,33.16,1.01,0.04,-0.28,2,1046857
749.88,3468.72,33.16,1.02,0.03,-0.28,2,1046924
542.41,3885.28,33.21,0.99,0.04,-0.28,3,1046990
273.28,652.03,33.21,1.01,0.05,-0.28,2,1047056
67.62,-3349.59,33.16,1.01,0.03,-0.27,1,1047122
59.22,-6535.09,33.21,1.01,0.04,-0.27,1,1047189
-151.72,-6206.34,33.16,1.01,0.05,-0.28,1,1047258
-426.16,-5199.03,33.12,1.01,0.03,-0.28,7,1047326
-620.84,-5637.06,33.21,1.01,0.06,-0.27,1,1047395
-543.78,-3534.22,33.12,0.98,0.03,-0.29,1,1047463
-278.59,-5177.5,33.16,1.03,0.05,-0.28,1,1047533
-439.69,-4919.64,33.16,1,0.05,-0.3,1,1047602
-231.69,-104.66,33.21,1.01,0.04,-0.26,3,1047669
-299.09,-303.42,33.21,1.01,0.03,-0.28,1,1047737
-273.16,-158.25,33.16,1.02,0.04,-0.27,1,1047804
-260.5,-455.34,33.16,1,0.05,-0.29,9,1047872
-224.47,-2956.58,33.12,1.01,0.03,-0.27,0,1047941
-497.25,-4472.75,33.16,1.01,0.05,-0.27,2,1048009
-302.38,4728.89,33.16,1.01,0.04,-0.28,0,1048077
-396.28,-4487.55,33.16,0.99,0.05,-0.29,1,1048145
-291.44,104.83,33.21,1.04,0.04,-0.26,2,1048212
-768.88,102.59,33.16,1.02,0.02,-0.27,2,1048279
-1289.44,-4271.55,33.21,1,0.05,-0.28,1,1048348
-996.97,-4057.97,33.12,1.02,0.04,-0.27,3,1048418
-864.13,-1878.06,33.21,1.01,0.03,-0.29,1,1048486
-400.91,932.83,33.21,1,0.06,-0.27,1,1048553
-1.88,953.19,33.21,1.01,0.04,-0.28,2,1048617
-68.78,329.53,33.26,1.01,0.05,-0.27,1,1048683
-296.34,227.06,33.12,1.01,0.04,-0.27,3,1048750
-454.5,-106.3,33.16,1.01,0.04,-0.29,0,1048817
-399.78,468.02,33.16,0.99,0.06,-0.28,3,1048884
-543.81,455.63,33.21,1.01,0.03,-0.28,1,1048950
-583.63,-1994.16,33.16,1.01,0.04,-0.28,0,1049019
-661.44,343.55,33.21,1.01,0.04,-0.28,3,1049085
-613.34,198.38,33.07,0.99,0.05,-0.29,2,1049152
-605.69,329.45,33.21,1.01,0.05,-0.28,7,1049219
-857.41,-284.02,33.07,1.01,0.04,-0.28,0,1049286
-903.53,-3855.83,33.16,1.01,0.04,-0.27,5,1049355
-913.34,4617.97,33.12,1.01,0.05,-0.28,2,1049422
-934.69,-3891.92,33.21,1,0.05,-0.29,5,1049491
-741.97,-1546.33,33.12,1.02,0.05,-0.28,4,1049560
-751.84,559.98,33.07,1,0.05,-0.28,2,1049626
-689.28,-3650.02,33.12,1,0.05,-0.28,1,1049695
-624.81,-386.52,33.12,1,0.04,-0.27,0,1049762
-386.56,349.81,33.12,1.01,0.05,-0.28,2,1049829
-476.22,-3466.69,33.26,1.01,0.04,-0.29,0,1049899
-489.44,-3291.34,33.12,1.01,0.05,-0.28,0,1049967
-685.94,1576.22,33.21,1.02,0.05,-0.28,0,1050035
-631.66,-169.59,33.12,1.01,0.04,-0.28,3,1050102
-524.06,-3196.11,33.12,1,0.05,-0.27,2,1050171
-340.88,211.7,33.21,1,0.05,-0.28,1,1050237
-456.81,-4.89,33.26,1.01,0.04,-0.28,1,1050303
-379.97,-1263.64,33.16,1.01,0.05,-0.28,0,1050372
-383,-2984.47,33.12,1.01,0.04,-0.29,0,1050440
-348.84,-971.23,33.12,1.01,0.04,-0.29,0,1050508
-303.41,-2788.67,33.12,1.01,0.05,-0.28,0,1050576
-323.22,-672.25,33.12,1.01,0.05,-0.28,2,1050644
-296.06,1513.38,33.12,1.01,0.04,-0.28,0,1050712
-209.25,-2690.3,33.12,1.01,0.05,-0.27,0,1050780
-231.78,-2554.78,33.26,1.01,0.05,-0.28,3,1050850
-127.22,-2429.05,33.07,1.01,0.05,-0.28,1,1050918
-148.84,2914.41,33.16,1.01,0.04,-0.28,1,1050986
-46.41,6175.69,33.16,1.01,0.04,-0.28,0,1051053
-327.09,4657.91,33.16,1.01,0.04,-0.28,0,1051120
-158.72,5408,33.16,1.01,0.04,-0.28,4,1051188
-161.78,2072.61,33.21,1.01,0.04,-0.28,3,1051255
-123.72,5076.97,33.12,1.01,0.04,-0.28,0,1051323
-334.53,-3621.87,33.21,1.01,0.05,-0.27,2,1051392
-307.78,-324.78,33.16,1,0.04,-0.29,1,1051459
-333.41,-484.55,33.02,1,0.04,-0.29,1,1051527
-167.72,-219.31,33.12,1.01,0.04,-0.28,0,1051594
-351.34,-495.34,33.21,1.01,0.05,-0.29,2,1051662
-231.78,-277.58,33.12,1,0.05,-0.27,0,1051729
-268.19,-396.7,33.16,1.01,0.04,-0.27,1,1051798
-146.78,-165.86,33.16,1.01,0.04,-0.27,1,1051866
-223.44,-356.58,33.07,1,0.05,-0.28,0,1051933
-264.28,-285.75,33.12,1.01,0.05,-0.28,2,1052001
-295.06,-394.45,33.12,1.01,0.04,-0.28,0,1052068
-121.31,-112.73,33.12,1.01,0.05,-0.28,0,1052136
-108.25,-198.09,33.07,1.01,0.05,-0.29,1,1052204
19.19,219.81,33.16,1.01,0.03,-0.28,1,1052268
-114.78,958.81,33.16,1,0.05,-0.28,3,1052335
-21.03,-826.13,33.12,1.02,0.04,-0.28,0,1052401
-156,-3035.81,33.16,1,0.05,-0.28,1,1052470
-42.19,-529.03,33.12,1.01,0.05,-0.28,1,1052536
-172.09,-2842.58,33.16,1.01,0.04,-0.29,1,1052605
-130.47,-2953.45,33.16,1.01,0.05,-0.28,0,1052674
-132.97,4422.22,33.12,1.01,0.04,-0.29,1,1052741
-151.31,5111.11,33.12,1,0.05,-0.28,1,1052809
-235.75,2340.56,33.12,1.02,0.05,-0.29,2,1052876
-260.97,-1608.47,33.07,1,0.04,-0.28,3,1052945
-228.91,-3318.05,33.21,1.01,0.04,-0.27,2,1053014
-234.47,-3150.14,33.02,1.01,0.05,-0.28,2,1053083
-207.75,-109.64,33.16,1.01,0.04,-0.28,2,1053151
-254.34,-94.16,33.21,1.01,0.04,-0.27,0,1053217
-251.63,-187.45,33.16,1,0.05,-0.28,1,1053285
-225.06,-35.08,33.16,1.01,0.04,-0.27,0,1053351
-197.81,4343.69,33.07,1.01,0.04,-0.27,2,1053419
-204.91,-2198.5,33.16,1.01,0.04,-0.27,3,1053488
-319.66,-368.58,33.12,1.01,0.03,-0.28,1,1053555
-417.69,-388.16,33.07,1.01,0.05,-0.27,1,1053623
-228.78,-282.73,33.16,1.01,0.04,-0.27,2,1053690
-234.34,-173.61,33.16,1.01,0.05,-0.28,5,1053758
-156.63,-198.92,33.26,1.01,0.04,-0.29,1,1053826
39.19,104.02,33.12,1.01,0.04,-0.28,3,1053890
48.22,20.83,33.16,1,0.05,-0.28,2,1053954
339.81,436.78,33.12,1.02,0.04,-0.29,3,1054019
409.84,359.94,33.07,1.01,0.04,-0.27,10,1054086
544.34,614.94,33.12,1,0.05,-0.28,0,1054151
664.13,629.2,33.16,1.01,0.04,-0.29,0,1054217
600.91,669.73,33.12,1.01,0.04,-0.29,1,1054282
611.88,576.25,33.16,1,0.04,-0.28,1,1054348
523.28,1049.44,33.21,1.01,0.05,-0.28,4,1054414
420.13,-3232.03,33.16,1,0.04,-0.28,1,1054482
492.09,-3070.44,33.16,1,0.05,-0.27,0,1054550
239.5,-2916.91,33.07,1,0.05,-0.28,0,1054617
316.53,-2771.06,33.16,1.01,0.05,-0.28,1,1054685
203.69,5306.48,33.16,1.01,0.04,-0.29,2,1054751
287.53,5882.16,33.07,1,0.05,-0.28,2,1054818
160.13,1456.06,33.21,1,0.05,-0.28,1,1054884
175.13,-2556.75,33.12,1.02,0.04,-0.28,0,1054953
211.38,389.09,33.12,1.01,0.05,-0.28,0,1055019
111.81,-2651.36,33.16,1.01,0.04,-0.28,0,1055086
116.22,428.2,33.07,1.01,0.04,-0.29,1,1055152
193.41,1033.8,33.16,1,0.04,-0.27,7,1055218
-27.25,4594.11,33.16,1.01,0.04,-0.28,2,1055285
114.09,263.39,33.12,1,0.05,-0.27,1,1055350
82.41,114.23,33.12,1.01,0.04,-0.27,2,1055415
91.28,-3346.48,33.16,1,0.05,-0.27,1,1055481
84.72,2583.84,33.12,1.02,0.03,-0.27,0,1055547
39.47,-1356.36,33.07,1,0.05,-0.27,5,1055613
-4.5,-3238.53,33.12,1,0.04,-0.27,0,1055680
-80.28,-3078.61,33.16,1,0.05,-0.28,1,1055748
-52.25,395.33,33.16,1.01,0.03,-0.28,1,1055813
-39.66,496.56,33.16,1,0.04,-0.26,0,1055879
-26.66,1236.73,33.21,1.01,0.04,-0.27,0,1055945
99.66,-3031.11,33.16,1.01,0.05,-0.29,1,1056012
217.69,-2877.55,33.12,1.01,0.04,-0.28,2,1056079
226.81,-2733.67,33.21,1.01,0.04,-0.28,0,1056147
271.47,1061.02,33.21,1.01,0.04,-0.28,2,1056214
218.88,1054.95,33.12,1.01,0.06,-0.28,2,1056280
-32.06,-1183.8,33.12,1.01,0.04,-0.29,0,1056348
188.53,5531.41,33.26,0.99,0.05,-0.28,1,1056414
286.13,770.83,33.26,1.01,0.04,-0.28,1,1056480
320.81,1209.28,33.21,1.01,0.04,-0.28,1,1056546
160.78,-3019.17,33.16,1,0.04,-0.28,0,1056614
163.72,-2871.22,33.16,1.01,0.05,-0.28,2,1056681
-60.44,669.34,33.07,1.01,0.03,-0.28,1,1056747
0.56,786.88,33.21,1.01,0.05,-0.28,1,1056811
-178.47,1156.53,33.16,1.01,0.04,-0.29,0,1056878
-82.53,5111.7,33.16,1.01,0.04,-0.28,1,1056945
-169.41,164.13,33.21,1.01,0.04,-0.28,1,1057011
-170.94,266.92,33.12,1.01,0.05,-0.28,1,1057078
-311.41,709.56,33.16,1,0.04,-0.28,1,1057144
-260.81,317.09,33.12,1.01,0.04,-0.29,0,1057211
-267.78,-1908.77,33.16,1.01,0.05,-0.27,0,1057280
-214.41,4587.67,33.12,1.01,0.05,-0.29,2,1057347
-333.66,-2540.7,33.12,1.01,0.04,-0.28,3,1057416
-209,-3191.67,33.21,1,0.05,-0.29,3,1057485
-399.53,-64.09,33.16,1.01,0.04,-0.28,0,1057552
-414.56,877.11,33.21,1,0.05,-0.28,1,1
